Designator,Footprint,Quantity,Value,LCSC Part #
AE1,U.FL_Molex_MCRF_73412-0110_Vertical,1,Antenna,
BT1,BatteryHolder_Keystone_1058_1x2032,1,Battery_Cell,
"C1, C15, C28",0603,3,10uF,
"C11, C22, C23, C3, C5",0805,5,10uF,C19702
"C12, C8",0805,2,22uF-X5R,
C13,1206,1,22uF-35V,
"C16, C17, C18, C19, C2, C20, C21, C25, C26, C27, C29, C33, C34, C35, C9",0603,15,100nF,C14663
"C24, C32, C36, C4",0805,4,100nF,C14663
C30,0603,1,1uF,
C31,0603,1,22uF,
C37,0402,1,68pF,
C38,1206,1,47uF-10V,
"C6, C7",0603,2,20pF,
"D1, D2",D_SOD-523,2,D_TVS_ALT,
D11,D_SOD-123,1,BAT54W,
"D13, D14, D3, D4, D9",0805,5,LED,
"D16, D7",0603,2,LED,C2289
"EQ1, EQ2, EQ3, EQ4, J12, J13",Molex_KK-254_AE-6410-06A_1x06_P2.54mm_Vertical,6,Conn_01x06_Male,
IC1,SOP-8_3.9x4.9mm_P1.27mm,1,DS1307ZN+,C356706
"IC2, IC3",SOT-23-6,2,DMMT5401-7F,C154733
IC4,SOT-23-6,1,DMMT5401-7-F,C154733
IC6,ESP32S2SOLON4R2,1,ESP32-S2-SOLO-N4R2,
J1,USB_Micro-B_Molex-105017-0001,1,USB_B_Micro,C136000
J14,Molex_PicoBlade_53047-0810_1x08_P1.25mm_Vertical,1,Conn_01x08_Pin,
"J15, J16",Molex_KK-254_AE-6410-02A_1x02_P2.54mm_Vertical,2,Conn_01x02_Male,
"J2, J3",TerminalBlock_TE_282834-2_1x02_P2.54mm_Horizontal,2,Screw_Terminal_01x02,
J6,JST_PH_B4B-PH-K_1x04_P2.00mm_Vertical,1,Conn_01x04_Male,
J7,PinHeader_1x06_P2.54mm_Vertical,1,Conn_01x06_Pin,
J8,503398-1892,1,503398-1892,C428492
L1,L_Chilisin_BMRA00050530,1,XR0530-100M,
L2,L_Bourns_SRP5030T,1,SRP5030T-100M,
"Q1, Q2, Q3, Q4, Q5, Q6",SOT-23,6,DMP2045U-7,
"Q7, Q8",SOT-23,2,DMN10H220L,
R1,0603,1,2K,
"R10, R23",0603,2,100k,C25804
R11,0603,1,7K5,
R12,0603,1,1K,
R13,0402,1,100K,
R14,0402,1,13K7,
"R15, R20, R24, R25, R26, R8",0603,6,10K,
"R16, R17, R2, R3, R35, R36",0603,6,4K7,
"R18, R38",0603,2,DNP,
"R19, R27",0603,2,47K,
R21,0805,1,47K,
R22,0805,1,10k,C25804
"R28, R29, R34, R4, R5",0402,5,10k,
"R30, R31, R32, R33, R37",0402,5,4K7,
"R6, R7",0603,2,0R,
R9,0805,1,4K7,
SW1,SW_SPST_PTS810,1,RESET,
SW2,SW_SPST_PTS810,1,BOOT,
U1,SOP127P600X175-9N,1,TP4056,
U10,HOPERF_RFM9XW_SMD,1,RFM95W-915S2,
U11,TSSOP-10_3x3mm_P0.5mm,1,ADS1115IDGS,
U12,SOT-23-6,1,TPS54202DDC,
U2,SOT-23-6,1,USBLC6-2SC6,C7519
U3,SOT-23-6_Handsoldering,1,MT3608,C84817
U4,Sensirion_DFN-8-1EP_2.5x2.5mm_P0.5mm_EP1.1x1.7mm,1,SHT30-DIS,C2687423
"U6, U8",SOT-23-5,2,AP2112K-3.3,
U7,Aosong_DHT11_5.5x12.0_P2.54mm,1,DHT11,
U9,SSOP-24_5.3x8.2mm_P0.65mm,1,74HC4067DB,
Y2,Crystal_SMD_3215-2Pin_3.2x1.5mm,1,FC-135R,
