Designator,Footprint,Quantity,Value,LCSC Part #
BT1,BatteryHolder_Keystone_1058_1x2032,1,Battery_Cell,
"C1, C11, C22, C9",0805,4,10uF,
"C10, C12, C13, C16, C17, C2, C23, C3, C5",0805,9,100nF,
"C14, C15, C20, C21",0805,4,22uF-X5R,
C7,CP_EIA-7343-15_Kemet-W_Pad2.25x2.55mm_HandSolder,1,680uF - Tant,
C8,CP_EIA-7343-15_Kemet-W_Pad2.25x2.55mm_HandSolder,1,220uF-Tantalum,
"D1, D4, D6",D_SOD-523,3,D_TVS_ALT,
"D10, D12, D14, D2, D7, D8",0805,6,LED,
"D11, D13",SOT-323_SC-70,2,BAT54W,
"D3, D5",D_SOD-323,2,5V,
D9,DIOM8059X256N,1,SS34,
F1,0805,1,Fuse,
FB1,1806,1,Ferrite_Bead,
IC1,SOP-8_3.9x4.9mm_P1.27mm,1,DS1307ZN+,
J1,2171750001,1,217175-0001,
J10,Molex_KK-254_AE-6410-03A_1x03_P2.54mm_Vertical,1,Conn_01x03_Male,
J11,JST_PH_B4B-PH-K_1x04_P2.00mm_Vertical,1,Conn_01x04_Male,
"J12, J13",Molex_KK-254_AE-6410-02A_1x02_P2.54mm_Vertical,2,Conn_01x02_Male,
J14,microSD_HC_Hirose_DM3D-SF,1,Micro_SD_Card,
"J2, J3",TerminalBlock_TE_282834-2_1x02_P2.54mm_Horizontal,2,Screw_Terminal_01x02,
"J4, J5, J6, J7",Molex_KK-254_AE-6410-06A_1x06_P2.54mm_Vertical,4,Conn_01x06_Male,
L1,L_Wuerth_HCI-1040,1,33uH,
"L2, L3",L_Wuerth_HCI-1040,2,4.7 to 22uH,
"Q1, Q2, Q8",SOT-23,3,DMG2301L,
"Q10, Q11, Q3, Q4, Q6, Q7",SOT-23,6,BC808,
"Q12, Q5, Q9",SOT-23,3,DMG2301L / DMP2045U,
"Q13, Q14",SOT-23,2,DMN10H220L,
"R1, R11, R12, R13, R14, R19, R2, R20, R21, R22, R23, R31",0805,12,4K7,
"R10, R17, R8",0805,3,47K,
"R15, R18, R33",0805,3,1K,
"R16, R3, R6, R7, R9",0805,5,10K,
R24,0805,1,2K,
R25,0805,1,9K1,
R26,0805,1,30K,
R27,0805,1,2.2K,
R32,0805,1,7K5,
"R4, R5",0805,2,5K1,
U1,TSSOP-10_3x3mm_P0.5mm,1,ADS1115IDGS,
U2,SOIC-24W_7.5x15.4mm_P1.27mm,1,CD74HC4067M,
U3,Heltec_WiFi_LoRa_V2,1,Heltec_Wifi_LoRa_V2,
U4,TO-263-5_TabPin3,1,LM2596S-5,
U5,SOP127P600X175-9N,1,TP4056,
"U6, U7",SOT-23-6_Handsoldering,2,MT3608,
Y1,Crystal_AT310_D3.0mm_L10.0mm_Horizontal,1,"32,768KHz",
